Anúncio,Preço,Stars
['50m da praia de verdade! Casa completa p/4 pessoas'],"[' ', 'Preço:', 'R$148', '/noite']",['4.75']
['Apto Jurerê internacional no open shopping CDS209'],"[' ', 'Preço:', 'R$181', '/noite']",[]
['Apt Novo TOP - 2 quartos - Open Shop Jurere'],"[' ', 'Preço:', 'R$301', '/noite']",['5.0']
['Lindo apê no Open Shopping em Jurerê Internacional'],"[' ', 'Preço:', 'R$252', '/noite']",['5.0']
"['Bem-estar a 2 Quadras da Praia, Wifi 60mega']","[' ', 'Preço:', 'R$95', '/noite']",[]
['Apartamento 2 quartos 400m da praia Jurere'],"[' ', 'Preço:', 'R$95', '/noite']",[]
['Apto Familiar sossego e natureza-2Q'],"[' ', 'Preço:', 'R$289', '/noite']",['4.80']
['Férias Jurerê-apto 2 suítes para 6 pessoas VDI208'],"[' ', 'Preço:', 'R$181', '/noite']",['4.82']
['Apartamento em Jurerê Internacional à 300 M do mar'],"[' ', 'Preço:', 'R$400', '/noite']",['4.80']
['Casa familiar em meio a natureza'],"[' ', 'Preço:', 'R$120', '/noite']",['4.92']
['Apartamento Jurerê 400 mts da praia'],"[' ', 'Preço:', 'R$148', '/noite']",['4.91']
['Apartamento próximo do mar Jurerê Internacional'],"[' ', 'Preço:', 'R$252', '/noite']",[]
['JURERÊ INTERNACIONAL - AP 2 QUARTOS'],"[' ', 'Preço:', 'R$239', '/noite']",['4.88']
['AMPLO CONFORTÁVEL EXCELENTE - 3 SUÍTES JURERÊ INT.'],"[' ', 'Preço:', 'R$268', '/noite']",['4.97']
['Apartamento perto da praia em Jurerê'],"[' ', 'Preço:', 'R$260', '/noite']",['5.0']
['Jurerê por inteiro ! Lindo Apartamento 3 quartos com piscina no prédio e perto de tudo'],"[' ', 'Preço:', 'R$392', '/noite']",['4.90']
['Apto p/5 pessoas férias em família Jurerê CHR101'],"[' ', 'Preço:', 'R$181', '/noite']",['5.0']
['Jurerê - Lar com Bela Vista'],"[' ', 'Preço:', 'R$252', '/noite']",['4.86']
['Apto no open shopping Jurerê Internacional CDS208'],"[' ', 'Preço:', 'R$181', '/noite']",[]
['Lindo Apto no Open Shopping Jurerê Internacional!!'],"[' ', 'Preço:', 'R$165', '/noite']",[]
['Excelente apto Jurerê Internacional'],"[' ', 'Preço:', 'R$210', '/noite']",['4.0']
['Casa para temporada em Jurerê!'],"[' ', 'Preço:', 'R$351', '/noite']",[]
['Ótimo Apartamento próximo ao mar de Jurerê'],"[' ', 'Preço:', 'R$181', '/noite']",['4.96']
['APARTAMENTO LINDO Á 900m DA PRAIA DE JURERÊ.'],"[' ', 'Preço:', 'R$351', '/noite']",[]
['Jurerê Palace'],"[' ', 'Preço:', 'R$400', '/noite']",[]
['Apto em Jurerê Internacional'],"[' ', 'Preço:', 'R$252', '/noite']",['4.92']
['Apartamento Completo Jurere'],"[' ', 'Preço:', 'R$280', '/noite']",['5.0']
['Apartamento a 5 min da praia do Jurerê Tradicional'],"[' ', 'Preço:', 'R$388', '/noite']",['4.94']
['Nova e aconchegante casa (três suítes) em Jurerê!'],"[' ', 'Preço:', 'R$450', '/noite']",['5.0']
['Casa 50m Praia Jurerê. Melhores Points ao lado'],"[' ', 'Preço:', 'R$301', '/noite']",['5.0']
['COBERTURA JURERE (PENTHOUSE)'],"[' ', 'Preço:', 'R$351', '/noite']",['4.78']
['Apartamento em Jurere Internacional'],"[' ', 'Preço:', 'R$148', '/noite']",['4.56']
['Apartamento na praia de Jurerê em Florianópolis'],"[' ', 'Preço:', 'R$227', '/noite']",['5.0']
['Excelente apartamento 2 quadras da praia de Jurerê'],"[' ', 'Preço:', 'R$148', '/noite']",[]
['Apartamento para 05 pessoas'],"[' ', 'Preço:', 'R$301', '/noite']",[]
['Apto aconchegante para ferias em Jurerê ADJ205'],"[' ', 'Preço:', 'R$181', '/noite']",[]
['Amplo e aconchegante apartamento em Jurere'],"[' ', 'Preço:', 'R$181', '/noite']",[]
['Cobertura Duplex em Jurere Internacional'],"[' ', 'Preço:', 'R$252', '/noite']",['4.82']
['Lindo apartamento em Jurerê! A 1 quadra do mar!'],"[' ', 'Preço:', 'R$252', '/noite']",['5.0']
['Jurere 02 Quartos próximo ao mar super confortável'],"[' ', 'Preço:', 'R$181', '/noite']",['4.86']
['RESIDENCIAL LUANA JURERE INTERNACIONAL'],"[' ', 'Preço:', 'R$342', '/noite']",[]
['Cobertura duplex com vista mar'],"[' ', 'Preço:', 'R$474', '/noite']",[]
['CASA MAR'],"[' ', 'Preço:', 'R$351', '/noite']",[]
['Apartamento 2 quartos 50m da praia!'],"[' ', 'Preço:', 'R$252', '/noite']",['5.0']
['Apto Jurerê Tradicional - Uma quadra da praia'],"[' ', 'Preço:', 'R$239', '/noite']",['5.0']
['Apartamento em Jurerê Internacional'],"[' ', 'Preço:', 'R$198', '/noite']",['4.76']
['Cobertura com piscina privada em Jurerê'],"[' ', 'Preço:', 'R$297', '/noite']",['4.84']
['Melhor cobertura de Jurere! Jacuzzi privativa.'],"[' ', 'Preço:', 'R$359', '/noite']",['4.74']
['APTO CHARMOSO EM FLORIPA / JURERE'],"[' ', 'Preço:', 'R$198', '/noite']",['4.88']
"[""The Cats' House - 150 metros do mar - 2 quartos""]","[' ', 'Preço:', 'R$252', '/noite']",['4.80']
['Cobertura Dúplex Luxo em Jurerê'],"[' ', 'Preço:', 'R$499', '/noite']",['4.65']
['Excelente apartamento em Jurerê na geral!'],"[' ', 'Preço:', 'R$252', '/noite']",[]
['Apto acolhedor'],"[' ', 'Preço:', 'R$219', '/noite']",['4.90']
['Casa a 250m Praia Daniela c/ar cond(Suite+02 qtos)'],"[' ', 'Preço:', 'R$252', '/noite']",['5.0']
"['Apartamento, na praia de Jurere Internacional.']","[' ', 'Preço:', 'R$252', '/noite']",['4.57']
['Apto novo 2 quartos em Jurerê'],"[' ', 'Preço:', 'R$301', '/noite']",['5.0']
['Casa completa na Praia da Daniela próxima do mar'],"[' ', 'Preço:', 'R$297', '/noite']",['4.96']
['Apto duplex no Open Shopping em Jurerê'],"[' ', 'Preço:', 'R$301', '/noite']",[]
['Cobertura 4 Quartos/Jurerê/120 metros da praia'],"[' ', 'Preço:', 'R$289', '/noite']",['5.0']
['Apto novo de 3 quartos em Jurerê'],"[' ', 'Preço:', 'R$280', '/noite']",['5.0']
['Bela casa na praia com piscina'],"[' ', 'Preço:', 'R$549', '/noite']",['4.85']
['Casa linda com piscina perto do mar para 10 pessoa'],"[' ', 'Preço:', 'R$1.200', '/noite']",['5.0']
"['Cobertura Luxo, Alto Padrão. Sacada Vista do Mar.']","[' ', 'Preço:', 'R$190', '/noite']",[]
['Recanto dos Coqueiros - Casa 1'],"[' ', 'Preço:', 'R$198', '/noite']",[]
"['Apto Jurere, moderno, pratico e lindo, 50 m do mar']","[' ', 'Preço:', 'R$400', '/noite']",['5.0']
['MONTEFIORE JURERE FLORIANÓPOLIS'],"[' ', 'Preço:', 'R$322', '/noite']",[]
['2 dormitórios Jurere Porto madero'],"[' ', 'Preço:', 'R$268', '/noite']",[]
['Aconchegante gourmet apartamento'],"[' ', 'Preço:', 'R$351', '/noite']",['4.80']
['APT - Jurerê Internacional Diárias'],"[' ', 'Preço:', 'R$351', '/noite']",[]
"['Apartamento aconchegante em Jurerê, 450 m praia.']","[' ', 'Preço:', 'R$301', '/noite']",[]
['APTO EM JURERÊ INTERNACIONAL - 2 Suítes'],"[' ', 'Preço:', 'R$652', '/noite']",[]
['Um apartamento especial na praia de Jurerê'],"[' ', 'Preço:', 'R$388', '/noite']",[]
['Recanto dos Coqueiros - Casa 3'],"[' ', 'Preço:', 'R$198', '/noite']",[]
['Casa - 200 metros da praia - Frente para natureza'],"[' ', 'Preço:', 'R$219', '/noite']",['4.91']
"[""Verão 2019/2020 Jurerê até 6 hosp D'OuroResidence""]","[' ', 'Preço:', 'R$400', '/noite']",['4.85']
['Apartamento Jurere Internacional'],"[' ', 'Preço:', 'R$268', '/noite']",['5.0']
['Aconchego familiar'],"[' ', 'Preço:', 'R$252', '/noite']",['5.0']
"['Jurere Internacional,Charming apto!']","[' ', 'Preço:', 'R$301', '/noite']",['5.0']
"['No Coração de Jurerê - Lindo apartamento na praia de Jurerê em Florianópolis, ideal para famílias.']","[' ', 'Preço:', 'R$371', '/noite']",['5.0']
['Agradável Apartamento Jurerê Internacional'],"[' ', 'Preço:', 'R$301', '/noite']",['4.92']
['Apartamento bem localizado em Jurere com 2 quartos'],"[' ', 'Preço:', 'R$148', '/noite']",['4.38']
"['Luxo em Jurerê com piscina, 8 minutos da praia']","[' ', 'Preço:', 'R$507', '/noite']",[]
['Jurerê 2 quartos com suíte'],"[' ', 'Preço:', 'R$243', '/noite']",[]
['C. Duplex em Jurerê Internacional 250 MTS da praia'],"[' ', 'Preço:', 'R$379', '/noite']",[]
['LINDO apto na melhor Av. de Jurerê Internacional'],"[' ', 'Preço:', 'R$400', '/noite']",[]
['Ótimo apartamento perto de tudo que você precisa!'],"[' ', 'Preço:', 'R$301', '/noite']",['5.0']
['Praia da Daniela-5 minutos jurere internacional...'],"[' ', 'Preço:', 'R$297', '/noite']",['4.88']
['Açoriana by Villa Daniella - Aconchego a Beira-Mar'],"[' ', 'Preço:', 'R$297', '/noite']",['4.17']
['La Terraza by Villa Daniella - 2 Suites a beiramar'],"[' ', 'Preço:', 'R$297', '/noite']",['5.0']
['Apartamento familiar de 2 quartos em Jurerê'],"[' ', 'Preço:', 'R$346', '/noite']",['5.0']
['Apto mezanino com dois dormitórios em Jurerê'],"[' ', 'Preço:', 'R$231', '/noite']",['4.33']
['Apartamento 2 dormitórios Open Shopping'],"[' ', 'Preço:', 'R$268', '/noite']",[]
['COSTA BLANCA JURERE INTERNACIONAL'],"[' ', 'Preço:', 'R$301', '/noite']",[]
['JURERÊ - Ótimo apartamento para famílias'],"[' ', 'Preço:', 'R$400', '/noite']",['5.0']
['Cobertura duplex mediterrânea próxima ao Open Shopping em Jurerê Internacional'],"[' ', 'Preço:', 'R$450', '/noite']",['5.0']
"['APT 100m DA PRAIA, MELHOR LOCALIZAÇÃO DE JURERÊ']","[' ', 'Preço:', 'R$400', '/noite']",[]
['Apartamento Novo em Jurerê'],"[' ', 'Preço:', 'R$301', '/noite']",['5.0']
['Apartamento duplex junto à praia'],"[' ', 'Preço:', 'R$322', '/noite']",[]
['Artis by Villa Daniella - Casa de 2 quartos ao mar'],"[' ', 'Preço:', 'R$400', '/noite']",['4.63']
['Duplex para 06 pessoas'],"[' ', 'Preço:', 'R$351', '/noite']",[]
['JURERÊ CASA COM REDÁRIO'],"[' ', 'Preço:', 'R$499', '/noite']",['5.0']
['Casa de Jurerê Internacional'],"[' ', 'Preço:', 'R$998', '/noite']",['5.0']
['Casa em pequeno Condo na praia da Daniela.'],"[' ', 'Preço:', 'R$214', '/noite']",['4.67']
"['Casa Jurerê Internacional , piscina / spa 350m Mar']","[' ', 'Preço:', 'R$384', '/noite']",['4.94']
['Apartamento Jurerê. Alto padrão.'],"[' ', 'Preço:', 'R$400', '/noite']",['5.0']
['Apartamento de 3 quartos em Jurerê'],"[' ', 'Preço:', 'R$351', '/noite']",['5.0']
['Apartamento em Jurere a poucas quadras do mar'],"[' ', 'Preço:', 'R$351', '/noite']",['4.94']
['Casa rústica 02qtos c/ar(suite) 150m Praia Daniela'],"[' ', 'Preço:', 'R$120', '/noite']",['5.0']
['Pipeline 2 dormitórios Open Shopping'],"[' ', 'Preço:', 'R$268', '/noite']",[]
['Apto novo 06 pessoas com piscina e vista do mar.'],"[' ', 'Preço:', 'R$800', '/noite']",[]
['Sobrado 250m Praia Daniela c/ar cond(Suite+02qtos)'],"[' ', 'Preço:', 'R$351', '/noite']",['4.83']
['Apartamento charmoso com PISCINA  em JURERÊ'],"[' ', 'Preço:', 'R$351', '/noite']",[]
['Open View: Sua Cobertura Duplex em Jurerê Int!'],"[' ', 'Preço:', 'R$598', '/noite']",['4.33']
['Respira no Paraíso!'],"[' ', 'Preço:', 'R$379', '/noite']",[]
['Casa em Jurerê Internacional'],"[' ', 'Preço:', 'R$322', '/noite']",['4.88']
['2 dormitórios Porto Madero Jurere'],"[' ', 'Preço:', 'R$276', '/noite']",[]
['COBERTURA COM PISCINA/JURERÊ INTERNACIONAL'],"[' ', 'Preço:', 'R$499', '/noite']",['4.88']
['Luxo e conforto em Jurerê II'],"[' ', 'Preço:', 'R$450', '/noite']",['4.67']
['Apartamento com localização estratégica em Jurerê Internacional'],"[' ', 'Preço:', 'R$417', '/noite']",[]
['Apto à 600m da praia de Jurerê Internacional'],"[' ', 'Preço:', 'R$301', '/noite']",[]
['Vagou para o Natal!!!! confira a oferta!'],"[' ', 'Preço:', 'R$549', '/noite']",['4.53']
['excelente localização junto ao Open Shopping'],"[' ', 'Preço:', 'R$252', '/noite']",['4.78']
['La Roca Villa Daniella- Casa 2 suites a beiramar'],"[' ', 'Preço:', 'R$297', '/noite']",['4.60']
['Casinha bacana em terreno seguro em Jurerê.'],"[' ', 'Preço:', 'R$322', '/noite']",[]
['Cobertura de luxo em Jurere Internacional'],"[' ', 'Preço:', 'R$598', '/noite']",[]
['Ampla Cobertura com 3 suítes no coração de Jurerê!'],"[' ', 'Preço:', 'R$450', '/noite']",['5.0']
['Saint Tropez Jurere Internacional'],"[' ', 'Preço:', 'R$322', '/noite']",[]
['Casa Jurerê Florianópolis'],"[' ', 'Preço:', 'R$148', '/noite']",['5.0']
['Aluguel de temporada - apartamento nº. 03'],"[' ', 'Preço:', 'R$351', '/noite']",[]
['2 dormitórios Ana Emilia Jurere'],"[' ', 'Preço:', 'R$301', '/noite']",[]
['Jurere Internacional Apartamento'],"[' ', 'Preço:', 'R$499', '/noite']",[]
['Lindo Apartamento Central - 02 Dorm - Próx. Mar !'],"[' ', 'Preço:', 'R$400', '/noite']",['4.82']
['Praia da Daniela casa para temporada'],"[' ', 'Preço:', 'R$252', '/noite']",['4.83']
['Super bem localizado e equipado'],"[' ', 'Preço:', 'R$301', '/noite']",['4.80']
['3 dormitórios em Jurere'],"[' ', 'Preço:', 'R$330', '/noite']",[]
['Cobertura Ed. Brisas de Jurerê Internacional'],"[' ', 'Preço:', 'R$652', '/noite']",[]
['Jurerê Int. - 3 quartos – 8 pessoas - 3 banheiros'],"[' ', 'Preço:', 'R$392', '/noite']",['4.78']
['Lindo apto em Jurerê Internacional com piscina.'],"[' ', 'Preço:', 'R$450', '/noite']",['5.0']
['Conforto depois da praia (+hidro)! Ótima região!'],"[' ', 'Preço:', 'R$681', '/noite']",['5.0']
['Momentos maravilhosos em Jurerê internacional'],"[' ', 'Preço:', 'R$252', '/noite']",['4.85']
['Linda Edicola / Apto Familiar Central - 2Q - 6 pes'],"[' ', 'Preço:', 'R$297', '/noite']",['4.81']
['Casa de praia'],"[' ', 'Preço:', 'R$301', '/noite']",[]
['PRAIA JURERÊ-Praticidade em Apartamento 2 Quartos'],"[' ', 'Preço:', 'R$252', '/noite']",['4.98']
['Belo Apto com churrasqueira à 100m da praia'],"[' ', 'Preço:', 'R$330', '/noite']",['4.67']
['Apto em  Jurere Internacional com suite'],"[' ', 'Preço:', 'R$301', '/noite']",['4.80']
['Super Apartamento Familiar de Praia - 02 Q - 8 pes'],"[' ', 'Preço:', 'R$318', '/noite']",['4.80']
['Apartamento aconchegante em Jurerê Internacional!'],"[' ', 'Preço:', 'R$351', '/noite']",[]
['Apto 2 qtos no Open Shopping Jurerê Internacional'],"[' ', 'Preço:', 'R$252', '/noite']",['4.81']
['Aluguel de temporada - apartamento 02'],"[' ', 'Preço:', 'R$351', '/noite']",[]
['Linda cobertura em Jurerê - 3 quartos - Piscina'],"[' ', 'Preço:', 'R$800', '/noite']",['4.94']
['melhor custo beneficio Jurere'],"[' ', 'Preço:', 'R$478', '/noite']",[]
['Belo apt em Jurerê c/ 3 qrtos e piscina'],"[' ', 'Preço:', 'R$351', '/noite']",['4.86']
['apto fantástico  3 dormitórios'],"[' ', 'Preço:', 'R$239', '/noite']",['4.27']
['Apto 2 Qts (1 Suíte) Jurerê c/ Ótima Área de Lazer'],"[' ', 'Preço:', 'R$722', '/noite']",['4.72']
['Cobertura com Jacuzzi e churrasqueira em Jurerê'],"[' ', 'Preço:', 'R$652', '/noite']",[]
['Cobertura em Jurerê Internacional'],"[' ', 'Preço:', 'R$549', '/noite']",['4.95']
['Jurerê internacional 2 dorm'],"[' ', 'Preço:', 'R$549', '/noite']",[]
['Apartamento agradável  no Jurerê Open Shopping'],"[' ', 'Preço:', 'R$169', '/noite']",['4.96']
['Para pessoas inteligentes e com bom gosto.'],"[' ', 'Preço:', 'R$1.250', '/noite']",['4.81']
['PORTO DE JURERE FLORIANÓPOLIS'],"[' ', 'Preço:', 'R$598', '/noite']",[]
['Casa na praia da Daniela'],"[' ', 'Preço:', 'R$751', '/noite']",[]
"['Apartamento, 2 quartos  Águas de Jurerê']","[' ', 'Preço:', 'R$450', '/noite']",[]
['Residencial Praia Da Daniela Apartamento 03'],"[' ', 'Preço:', 'R$260', '/noite']",[]
['2 dormitórios Spazio de Jurere'],"[' ', 'Preço:', 'R$301', '/noite']",[]
['4 dormitórios no Open Shopping Jurere Internacional'],"[' ', 'Preço:', 'R$276', '/noite']",[]
['Al Mare by Villa Daniella - Linda Casa Frente-Mar'],"[' ', 'Preço:', 'R$297', '/noite']",['4.80']
['LINDA CASA EM JURERÊ INTERNACIONAL com JACUZZI.'],"[' ', 'Preço:', 'R$751', '/noite']",['4.75']
"['Casa na Praia Daniela, 70 m do mar com 3 quartos!']","[' ', 'Preço:', 'R$301', '/noite']",[]
['Apartamento Aconchegante em Jurerê Internacional'],"[' ', 'Preço:', 'R$400', '/noite']",[]
['Lindo Apto 02 quartos Central - Próx ao Mar - Ap06'],"[' ', 'Preço:', 'R$322', '/noite']",['5.0']
['Villa Fascinante - Seaside'],"[' ', 'Preço:', 'R$1.237', '/noite']",['4.95']
['ALHAMBRA JURERE INTERNACIONAL'],"[' ', 'Preço:', 'R$437', '/noite']",[]
['Aluguel de Temporada - apartamento n. 1'],"[' ', 'Preço:', 'R$351', '/noite']",[]
"['Apartamento em Florianópolis, Brisas de Jurerê']","[' ', 'Preço:', 'R$478', '/noite']",[]
['Apartamento em Jurerê Internacional Open Shopping'],"[' ', 'Preço:', 'R$540', '/noite']",['4.71']
['Sinta-se em casa em Jurerê!'],"[' ', 'Preço:', 'R$520', '/noite']",['5.0']
['Apto praia Jurere 2 quartos 2 banheiros'],"[' ', 'Preço:', 'R$421', '/noite']",['4.75']
"['Casa moderna e aconchegante em jurere, 300m do mar']","[' ', 'Preço:', 'R$297', '/noite']",[]
"[""Vila d'Italia Jurere Internacional""]","[' ', 'Preço:', 'R$590', '/noite']",[]
['CASA DE PRAIA'],"[' ', 'Preço:', 'R$252', '/noite']",[]
['Cobertura no Jurerê Open Shopping'],"[' ', 'Preço:', 'R$322', '/noite']",['4.94']
['Sinta-se em casa! Apto em Jurerê Internacional'],"[' ', 'Preço:', 'R$400', '/noite']",[]
['Excelente apartamento Jurere Intern. prox praia'],"[' ', 'Preço:', 'R$351', '/noite']",[]
['Apto. Decorado e com Ar Split tds cômodos -Jurerê'],"[' ', 'Preço:', 'R$429', '/noite']",['4.90']
['Apartamento no Open Shopping'],"[' ', 'Preço:', 'R$252', '/noite']",['4.80']
['Cobertura duplex no coração de Jurerê Internac.'],"[' ', 'Preço:', 'R$598', '/noite']",[]
['Jurerê apartamento ao lado do mar'],"[' ', 'Preço:', 'R$499', '/noite']",['5.0']
['Apartamento em Jurerê Internacional'],"[' ', 'Preço:', 'R$330', '/noite']",['4.68']
['Casa à 240m do mar - Praia Daniela'],"[' ', 'Preço:', 'R$392', '/noite']",['5.0']
['CASA 3 DORMITÓRIOS JURERE INTERNACIONAL'],"[' ', 'Preço:', 'R$544', '/noite']",['4.83']
['Apto de 2 quartos em Jurerê com wi-fi'],"[' ', 'Preço:', 'R$351', '/noite']",[]
['Ampla cobertura em Jurerê Internacional'],"[' ', 'Preço:', 'R$598', '/noite']",['4.67']
['Aluguel de temporada - apartamento n. 4'],"[' ', 'Preço:', 'R$392', '/noite']",[]
['Linda Casa em Jurerê Internacional - 3 suítes'],"[' ', 'Preço:', 'R$899', '/noite']",['5.0']
['luxo e alto padrão em jurerê '],"[' ', 'Preço:', 'R$450', '/noite']",['4.96']
"['Para pessoas exigentes, imóvel novo']","[' ', 'Preço:', 'R$252', '/noite']",[]
['Belo apto em Jurerê'],"[' ', 'Preço:', 'R$450', '/noite']",[]
['Jurerê Rural Condomínio Pousada - Apartamento 4'],"[' ', 'Preço:', 'R$400', '/noite']",[]
"['Casa com Piscina, 300m do mar. Praia da Daniela.']","[' ', 'Preço:', 'R$351', '/noite']",['4.60']
['Cobertura Vila Chernes Jurere'],"[' ', 'Preço:', 'R$652', '/noite']",[]
['Apto 3Q completo  suite no Open de Jurere Int wifi'],"[' ', 'Preço:', 'R$301', '/noite']",[]
['Apartamento 2 dorm Jurerê - Florianópolis Ilha'],"[' ', 'Preço:', 'R$351', '/noite']",['5.0']
['Casa aconchegante em Jurerê Internacional'],"[' ', 'Preço:', 'R$499', '/noite']",['4.47']
['Casa na Praia da Daniela  Florianópolis.'],"[' ', 'Preço:', 'R$598', '/noite']",['5.0']
['Jurerê Rural Condomínio Pousada - Apartamento 2'],"[' ', 'Preço:', 'R$301', '/noite']",[]
['Casa piscina beira mar Florianópolis-Praia Daniela'],"[' ', 'Preço:', 'R$701', '/noite']",['4.95']
['Apartamento em Jurerê - Florianópolis'],"[' ', 'Preço:', 'R$499', '/noite']",[]
['Apartamento 3 Quartos Jurerê Internacional'],"[' ', 'Preço:', 'R$450', '/noite']",[]
['Apartamento charmoso em Jurerê Internacional'],"[' ', 'Preço:', 'R$252', '/noite']",['4.95']
['Casa moderna e aconchegante á 300m Mar Localização'],"[' ', 'Preço:', 'R$499', '/noite']",[]
['Linda Cobertura em Jurerê'],"[' ', 'Preço:', 'R$850', '/noite']",[]
['Apto. Jurerê Internacional'],"[' ', 'Preço:', 'R$499', '/noite']",[]
['Jurerê Internacional open shopping'],"[' ', 'Preço:', 'R$549', '/noite']",['4.83']
['Veranda by Villa Daniella - 3 quartos frente-mar'],"[' ', 'Preço:', 'R$338', '/noite']",['4.25']
['Apartamento para a Família'],"[' ', 'Preço:', 'R$301', '/noite']",['5.0']
"['Casa 4 quartos Jurere Internacional, Florianopolis']","[' ', 'Preço:', 'R$619', '/noite']",[]
['Apto aconchegante em Jurerê Int!'],"[' ', 'Preço:', 'R$309', '/noite']",['4.96']
['Mansão dos Búzios: Luxo e Conforto em Jurerê Int.'],"[' ', 'Preço:', 'R$899', '/noite']",['4.60']
['Frente à praia de mar tranquilo'],"[' ', 'Preço:', 'R$598', '/noite']",['4.89']
['70 mts Mar - Apartamento 41 Atlantico Jurere'],"[' ', 'Preço:', 'R$441', '/noite']",['5.0']
['Apto a 50 MT praia Daniela'],"[' ', 'Preço:', 'R$99', '/noite']",[]
['Casa Acolhedora Jurerê Internacional'],"[' ', 'Preço:', 'R$874', '/noite']",['5.0']
['Jurerê 2 Quartos: 1 Suíte +2WC ~ 300m do Mar'],"[' ', 'Preço:', 'R$346', '/noite']",[]
['Casa 4Q frente ao mar panorâmica ar wifi tv alarme'],"[' ', 'Preço:', 'R$400', '/noite']",[]
['Lindo ap em Jurere a poucos metros da praia'],"[' ', 'Preço:', 'R$450', '/noite']",['4.87']
['Apartamento em Jurere com 2 quartos'],"[' ', 'Preço:', 'R$252', '/noite']",['4.80']
['Excelente oportunidade em Jurere apto 204'],"[' ', 'Preço:', 'R$322', '/noite']",[]
['Apto. alto padrão de 2 dorm. no Open Shopping'],"[' ', 'Preço:', 'R$652', '/noite']",['5.0']
['Apto no Open Shopping do Jurerê Internacional'],"[' ', 'Preço:', 'R$549', '/noite']",['5.0']
['Casa Super Confortável - Jurerê Internacional'],"[' ', 'Preço:', 'R$998', '/noite']",[]
['Casa Jurerê Florianópolis'],"[' ', 'Preço:', 'R$161', '/noite']",['5.0']
['Jurerê Rural Condomínio Pousada - Apartamento 3'],"[' ', 'Preço:', 'R$400', '/noite']",[]
['Conforto com 5 quartos em Jurere Internacional'],"[' ', 'Preço:', 'R$792', '/noite']",['4.60']
['Apartamento em Jurerê a 300m do mar'],"[' ', 'Preço:', 'R$441', '/noite']",[]
['Apartamento em belíssimo condomínio em Jurerê'],"[' ', 'Preço:', 'R$351', '/noite']",['5.0']
['Águas de Jurerê/ 3 quartos ( 2 suítes)'],"[' ', 'Preço:', 'R$598', '/noite']",[]
['Apartamento dois quartos em JURERÊ'],"[' ', 'Preço:', 'R$598', '/noite']",[]
['Cabana de luxo em condomínio de Jurerê'],"[' ', 'Preço:', 'R$598', '/noite']",[]
['Jurere a duas quadras do mar.'],"[' ', 'Preço:', 'R$800', '/noite']",['4.33']
['Casa rústica 03 qts c/ar(1suite)150m Praia Daniela'],"[' ', 'Preço:', 'R$198', '/noite']",['5.0']
"['Apto ""clean"" - Jurerê Internacional']","[' ', 'Preço:', 'R$491', '/noite']",['4.79']
['Um recanto no paraíso !'],"[' ', 'Preço:', 'R$400', '/noite']",['5.0']
['EXCELENTE LOCALIZAÇÃO EM JURERÊ INTERNACIONAL!'],"[' ', 'Preço:', 'R$701', '/noite']",[]
['Mansão Fantástica e bem localizada'],"[' ', 'Preço:', 'R$998', '/noite']",[]
['Maravilhoso duplex em Jurerê.'],"[' ', 'Preço:', 'R$301', '/noite']",['4.85']
['CASA GRANDE em FLORIANÓPOLIS na PRAIA DA DANIELA'],"[' ', 'Preço:', 'R$499', '/noite']",['5.0']
['Cobertura Duplex com excelente vista e localização'],"[' ', 'Preço:', 'R$252', '/noite']",['4.83']
['Jurerê Apartamento Aconchegante perto de tudo!'],"[' ', 'Preço:', 'R$351', '/noite']",['5.0']
"['Casa de Jurere Int. pra 10 pessoas, com piscina']","[' ', 'Preço:', 'R$800', '/noite']",[]
['Apto 2 dorm a 200 m da praia Jurerê Internacional'],"[' ', 'Preço:', 'R$499', '/noite']",[]
['Apartamento 2 quartos Jurerê Floripa -Ed. Mykonos'],"[' ', 'Preço:', 'R$169', '/noite']",[]
"['Apartamento no Open Shopping, próximo da praia.']","[' ', 'Preço:', 'R$330', '/noite']",[]
['Casa Jurerê Internacional'],"[' ', 'Preço:', 'R$850', '/noite']",[]
['Casa na Daniela - 50 metros da Praia'],"[' ', 'Preço:', 'R$206', '/noite']",[]
['MELHOR CUSTO BENEFICIO  DE JURERÊ INTERNACIONAL'],"[' ', 'Preço:', 'R$1.501', '/noite']",['5.0']
['LINDA MANSÃO JURERÊ INTERNACIONAL'],"[' ', 'Preço:', 'R$1.031', '/noite']",['5.0']
['Bela cobertura  em Jurerê à 100 metros da praia'],"[' ', 'Preço:', 'R$751', '/noite']",[]
['Casa Praia da Daniela (dezembro - março)'],"[' ', 'Preço:', 'R$450', '/noite']",[]
['FEVEREIRO R$ 500 DIÁRIA NA DANIELA C/ PISCINA'],"[' ', 'Preço:', 'R$800', '/noite']",[]
['Apto 3 quartos Jurerê Internacional com piscina'],"[' ', 'Preço:', 'R$899', '/noite']",['4.75']
['Apto 2 qtos - Open Shopping - Jurerê Internacional'],"[' ', 'Preço:', 'R$400', '/noite']",[]
['Casa 4 suítes Jurere Internacional'],"[' ', 'Preço:', 'R$1.497', '/noite']",[]
['Lindo Apartamento Cobertura Jurerê Internacional'],"[' ', 'Preço:', 'R$499', '/noite']",[]
"['Casa 4 dormitórios, piscina']","[' ', 'Preço:', 'R$1.155', '/noite']",[]
['DUPLEX  melhor localizaçao de Jurere Internacional'],"[' ', 'Preço:', 'R$846', '/noite']",[]
['Jurerê Internacional apartamento 4 suítes c/ vista'],"[' ', 'Preço:', 'R$499', '/noite']",[]
['Casa/spa  em Jurerê Internacional'],"[' ', 'Preço:', 'R$899', '/noite']",[]
['Ótima casa com 6 quartos (5 suítes). Aconchegante.'],"[' ', 'Preço:', 'R$1.299', '/noite']",[]
['Casa Jurere c/ piscina (8 pessoas)'],"[' ', 'Preço:', 'R$1.501', '/noite']",['5.0']
['Casa espaçosa otima localização'],"[' ', 'Preço:', 'R$1.600', '/noite']",[]
['Daniela Beach - Florianópolis  SC'],"[' ', 'Preço:', 'R$478', '/noite']",[]
['Casa  aconchegante em jurere internacional'],"[' ', 'Preço:', 'R$652', '/noite']",['5.0']
"['Apto 3 suítes vista para o mar, novo, a 50m do mar']","[' ', 'Preço:', 'R$598', '/noite']",[]
['Jurere Internacional Inesquecivel'],"[' ', 'Preço:', 'R$920', '/noite']",['5.0']
['Casa no coração de Jurerê com Piscina 400m do mar'],"[' ', 'Preço:', 'R$800', '/noite']",[]
['Lindo apartamento em Jurerê'],"[' ', 'Preço:', 'R$499', '/noite']",[]
['Mykonos - Praia de Jureré'],"[' ', 'Preço:', 'R$190', '/noite']",['4.91']
['Chalé na Daniela perto da praia'],"[' ', 'Preço:', 'R$198', '/noite']",[]
"['Apartamento premium 2 dormitórios, com suíte.']","[' ', 'Preço:', 'R$491', '/noite']",['4.67']
['Ótimo Duplex c/ 2 suítes  à 100m praia - apto 1'],"[' ', 'Preço:', 'R$297', '/noite']",['4.79']
['Cobertura Alto Padrão. Vista do Mar'],"[' ', 'Preço:', 'R$751', '/noite']",['5.0']
['Apartamento - Jurerê Tradicional'],"[' ', 'Preço:', 'R$1.299', '/noite']",[]
['Excelente Apartamento em Jurerê Internacional.'],"[' ', 'Preço:', 'R$499', '/noite']",[]
['Casa Jurerê á 350 metros do mar com piscina / Spa'],"[' ', 'Preço:', 'R$561', '/noite']",[]
['Não  está  disponível!'],"[' ', 'Preço:', 'R$549', '/noite']",[]
['CASA DE TEMPORADA EM JURERE TRADICIONAL'],"[' ', 'Preço:', 'R$186', '/noite']",[]
"['PRAIA DEJURERÊ, SUA FÉRIAS NO MELHOR LUGAR DA ILHA']","[' ', 'Preço:', 'R$148', '/noite']",['4.75']
['Apartamento grande Jurerê internacional c piscina'],"[' ', 'Preço:', 'R$1.200', '/noite']",[]
['Apartamento a uma quadra da praia em Jurerê'],"[' ', 'Preço:', 'R$252', '/noite']",['4.13']
['Apto Jurerê - Villaggio Di Mare'],"[' ', 'Preço:', 'R$400', '/noite']",['4.82']
['Casa de Praia Aconchegante.'],"[' ', 'Preço:', 'R$359', '/noite']",['4.89']
['Vem para jurere!!! Você também'],"[' ', 'Preço:', 'R$998', '/noite']",[]
['Pertinho da Praia- Apartamento 28 Atlântico Jurere'],"[' ', 'Preço:', 'R$590', '/noite']",[]
['3 CASAS P/GRANDE FAMILIA 16 HÓSPEDES CAMPO E PRAIA'],"[' ', 'Preço:', 'R$400', '/noite']",[]
['Espaço reviver em Jurerê!!'],"[' ', 'Preço:', 'R$198', '/noite']",['4.80']
"[""Apart4suites D'Ouro Residence JurereInternacional""]","[' ', 'Preço:', 'R$998', '/noite']",['4.80']
['Apto 3 quartos em Jurerê - Ótima Localização!'],"[' ', 'Preço:', 'R$524', '/noite']",[]
['Casa 2 dorms c/ ar próximo à praia'],"[' ', 'Preço:', 'R$289', '/noite']",['5.0']
"['Pé na areia, 2 Dorms Splits - Apartamento 42 RISC']","[' ', 'Preço:', 'R$730', '/noite']",[]
['Villa Santuario - Paradisiaca Villa Frente-Mar'],"[' ', 'Preço:', 'R$1.497', '/noite']",['4.55']
['Apartamento em Jurerê'],"[' ', 'Preço:', 'R$301', '/noite']",['5.0']
['Casa em Jurerê localizada a uma quadra da praia'],"[' ', 'Preço:', 'R$400', '/noite']",['4.80']
['Pé na areia em Jurere - Apartamento 28 RISC'],"[' ', 'Preço:', 'R$1.101', '/noite']",[]
['Lindo apartamento em Jurerê Internacional'],"[' ', 'Preço:', 'R$400', '/noite']",['4.90']
['Luxuoso apto na praia de Jurerê Internacional'],"[' ', 'Preço:', 'R$198', '/noite']",['5.0']
['Apartamento em Jurerê Internacional'],"[' ', 'Preço:', 'R$598', '/noite']",['4.92']
['Apt Novo TOP - 2 quartos - Open Shop Jurere'],"[' ', 'Preço:', 'R$301', '/noite']",['5.0']
['Lindo apê no Open Shopping em Jurerê Internacional'],"[' ', 'Preço:', 'R$252', '/noite']",['5.0']
['Cobertura Duplex em Jurere Internacional'],"[' ', 'Preço:', 'R$252', '/noite']",['4.82']
['Apto Jurerê internacional no open shopping CDS209'],"[' ', 'Preço:', 'R$181', '/noite']",[]
['casa com vista pro mar'],"[' ', 'Preço:', 'R$301', '/noite']",['5.0']
['Apto Maria da Praia'],"[' ', 'Preço:', 'R$120', '/noite']",[]
['AMPLO CONFORTÁVEL EXCELENTE - 3 SUÍTES JURERÊ INT.'],"[' ', 'Preço:', 'R$268', '/noite']",['4.97']
['Apartamento de luxo em Jurerê internacional-REN002'],"[' ', 'Preço:', 'R$301', '/noite']",['5.0']
['JURERÊ INTERNACIONAL - AP 2 QUARTOS'],"[' ', 'Preço:', 'R$239', '/noite']",['4.88']
['Apartamento em Jurerê Internacional'],"[' ', 'Preço:', 'R$198', '/noite']",['4.76']
['Apto Familiar sossego e natureza-2Q'],"[' ', 'Preço:', 'R$289', '/noite']",['4.80']
['Aconchegante gourmet apartamento'],"[' ', 'Preço:', 'R$351', '/noite']",['4.80']
['Apartamento em Jurere Internacional'],"[' ', 'Preço:', 'R$148', '/noite']",['4.56']
['Agradável Apartamento Jurerê Internacional'],"[' ', 'Preço:', 'R$301', '/noite']",['4.92']
['Apartamento próximo do mar Jurerê Internacional'],"[' ', 'Preço:', 'R$252', '/noite']",[]
['Cobertura duplex em Jurerê Internacional'],"[' ', 'Preço:', 'R$408', '/noite']",['4.94']
['Cobertura de Luxo Resort - Jurerê 4501'],"[' ', 'Preço:', 'R$672', '/noite']",['4.67']
['Apto acolhedor'],"[' ', 'Preço:', 'R$219', '/noite']",['4.90']
['Casa linda com piscina perto do mar para 10 pessoa'],"[' ', 'Preço:', 'R$1.200', '/noite']",['5.0']
['Cobertura Fina / Jurerê Internacional / P12'],"[' ', 'Preço:', 'R$454', '/noite']",['5.0']
"['Residencial Coutinho, com vista pro mar']","[' ', 'Preço:', 'R$351', '/noite']",['4.83']
"[""Verão 2019/2020 Jurerê até 6 hosp D'OuroResidence""]","[' ', 'Preço:', 'R$400', '/noite']",['4.85']
"['Apartamento, na praia de Jurere Internacional.']","[' ', 'Preço:', 'R$252', '/noite']",['4.57']
['Casa de Jurerê Internacional'],"[' ', 'Preço:', 'R$998', '/noite']",['5.0']
"['Jurere Internacional,Charming apto!']","[' ', 'Preço:', 'R$301', '/noite']",['5.0']
['excelente localização junto ao Open Shopping'],"[' ', 'Preço:', 'R$252', '/noite']",['4.78']
['Excelente apto Jurerê Internacional'],"[' ', 'Preço:', 'R$210', '/noite']",['4.0']
['Lindo Apto no Open Shopping Jurerê Internacional!!'],"[' ', 'Preço:', 'R$165', '/noite']",[]
['Excelente apartamento em JURERÊ INTERNACIONAL'],"[' ', 'Preço:', 'R$400', '/noite']",['5.0']
['Vagou para o Natal!!!! confira a oferta!'],"[' ', 'Preço:', 'R$549', '/noite']",['4.53']
['La Terraza by Villa Daniella - 2 Suites a beiramar'],"[' ', 'Preço:', 'R$297', '/noite']",['5.0']
['Apto 2 qtos no Open Shopping Jurerê Internacional'],"[' ', 'Preço:', 'R$252', '/noite']",['4.81']
['Lindo Apartamento Central - 02 Dorm - Próx. Mar !'],"[' ', 'Preço:', 'R$400', '/noite']",['4.82']
['Charmoso sobrado próximo a praia'],"[' ', 'Preço:', 'R$252', '/noite']",['5.0']
['Casa em Jurerê Internacional'],"[' ', 'Preço:', 'R$322', '/noite']",['4.88']
['Casa na praia de Jurerê / Guesthouse on the beach'],"[' ', 'Preço:', 'R$252', '/noite']",[]
['Apartamento Jurere Internacional'],"[' ', 'Preço:', 'R$268', '/noite']",['5.0']
['Apto no open shopping Jurerê Internacional CDS208'],"[' ', 'Preço:', 'R$181', '/noite']",[]
['Jurerê Internacional - Diárias 1'],"[' ', 'Preço:', 'R$379', '/noite']",['5.0']
['JURERÊ INTERNACIONAL PRÓXIMO DA PRAIA'],"[' ', 'Preço:', 'R$252', '/noite']",['5.0']
['Jurerê Int. - 3 quartos – 8 pessoas - 3 banheiros'],"[' ', 'Preço:', 'R$392', '/noite']",['4.78']
['COBERTURA COM PISCINA/JURERÊ INTERNACIONAL'],"[' ', 'Preço:', 'R$499', '/noite']",['4.88']
['Apto duplex no Open Shopping em Jurerê'],"[' ', 'Preço:', 'R$301', '/noite']",[]
['APARTAMENTO LINDO Á 900m DA PRAIA DE JURERÊ.'],"[' ', 'Preço:', 'R$351', '/noite']",[]
['Momentos maravilhosos em Jurerê internacional'],"[' ', 'Preço:', 'R$252', '/noite']",['4.85']
['Cobertura em Jurerê Internacional'],"[' ', 'Preço:', 'R$549', '/noite']",['4.95']
['Apartamento em Jurerê Internacional Open Shopping'],"[' ', 'Preço:', 'R$540', '/noite']",['4.71']
['Casa na Praia de Jurerê Internacional'],"[' ', 'Preço:', 'R$598', '/noite']",['5.0']
['Apto em Resort de Jurerê Internacional  ILC 4502'],"[' ', 'Preço:', 'R$672', '/noite']",[]
['Super bem localizado e equipado'],"[' ', 'Preço:', 'R$301', '/noite']",['4.80']
['Apartamento família 8 pessoas - Resort C1110'],"[' ', 'Preço:', 'R$800', '/noite']",['5.0']
['RESIDENCIAL LUANA JURERE INTERNACIONAL'],"[' ', 'Preço:', 'R$342', '/noite']",[]
['Jay Luxury Home Design em Jurerê Internacional'],"[' ', 'Preço:', 'R$660', '/noite']",['4.87']
['C. Duplex em Jurerê Internacional 250 MTS da praia'],"[' ', 'Preço:', 'R$379', '/noite']",[]
['Linda Edicola / Apto Familiar Central - 2Q - 6 pes'],"[' ', 'Preço:', 'R$297', '/noite']",['4.81']
['Conforto com 5 quartos em Jurere Internacional'],"[' ', 'Preço:', 'R$792', '/noite']",['4.60']
['LINDA CASA EM JURERÊ INTERNACIONAL com JACUZZI.'],"[' ', 'Preço:', 'R$751', '/noite']",['4.75']
['Coração de Jurerê internacional'],"[' ', 'Preço:', 'R$252', '/noite']",['4.91']
['Super Apartamento Familiar de Praia - 02 Q - 8 pes'],"[' ', 'Preço:', 'R$318', '/noite']",['4.80']
['Villa Fascinante - Seaside'],"[' ', 'Preço:', 'R$1.237', '/noite']",['4.95']
['Cobertura duplex mediterrânea próxima ao Open Shopping em Jurerê Internacional'],"[' ', 'Preço:', 'R$450', '/noite']",['5.0']
['Para pessoas inteligentes e com bom gosto.'],"[' ', 'Preço:', 'R$1.250', '/noite']",['4.81']
['apto fantástico  3 dormitórios'],"[' ', 'Preço:', 'R$239', '/noite']",['4.27']
"['JURERE INTERNATIONAL HOUSE 5BR, POOL, NEAR BEACH']","[' ', 'Preço:', 'R$1.559', '/noite']",['4.70']
['Cobertura duplex com vista mar'],"[' ', 'Preço:', 'R$474', '/noite']",[]
['Casa 50m do Mar - Jurerê Int. Café de la Musique'],"[' ', 'Preço:', 'R$800', '/noite']",['4.70']
['Apartamento em Jurerê Internacional'],"[' ', 'Preço:', 'R$330', '/noite']",['4.68']
['Apartamento agradável  no Jurerê Open Shopping'],"[' ', 'Preço:', 'R$169', '/noite']",['4.96']
['Artis by Villa Daniella - Casa de 2 quartos ao mar'],"[' ', 'Preço:', 'R$400', '/noite']",['4.63']
['Apartamento Garden em Jurerê Internacional'],"[' ', 'Preço:', 'R$800', '/noite']",['5.0']
['Mansão das Garoupas: Luxo e Conforto em Jurerê Int'],"[' ', 'Preço:', 'R$899', '/noite']",['5.0']
['Pipeline 2 dormitórios Open Shopping'],"[' ', 'Preço:', 'R$268', '/noite']",[]
['Casa na praia de Jurerê / Guesthouse on the beach'],"[' ', 'Preço:', 'R$252', '/noite']",[]
['Apartamento 8 pessoas Resort em Jurerê - C3415'],"[' ', 'Preço:', 'R$899', '/noite']",[]
['APT - Jurerê Internacional Diárias'],"[' ', 'Preço:', 'R$351', '/noite']",[]
['APTO EM JURERÊ INTERNACIONAL - 2 Suítes'],"[' ', 'Preço:', 'R$652', '/noite']",[]
['Casa na Avenida principal de Jurerê Internacional'],"[' ', 'Preço:', 'R$301', '/noite']",[]
['Casa - 200 metros da praia - Frente para natureza'],"[' ', 'Preço:', 'R$219', '/noite']",['4.91']
['Linda casa 300m da Praia de Jurerê Internacional'],"[' ', 'Preço:', 'R$499', '/noite']",['4.73']
['Casa Acolhedora Jurerê Internacional'],"[' ', 'Preço:', 'R$874', '/noite']",['5.0']
['Jurerê Palace'],"[' ', 'Preço:', 'R$400', '/noite']",[]
['Charmosa Casa de Praia'],"[' ', 'Preço:', 'R$1.200', '/noite']",['5.0']
['Apartamento no Open Shopping'],"[' ', 'Preço:', 'R$252', '/noite']",['4.80']
['Casa frente ao mar em Jurerê Internacional !'],"[' ', 'Preço:', 'R$689', '/noite']",['4.85']
['Apartamento 2 dormitórios Open Shopping'],"[' ', 'Preço:', 'R$268', '/noite']",[]
['Linda Casa em Jurerê Internacional - 3 suítes'],"[' ', 'Preço:', 'R$899', '/noite']",['5.0']
['Apartamento em Jurerê Internacional'],"[' ', 'Preço:', 'R$408', '/noite']",[]
['Apartamento charmoso em Jurerê Internacional'],"[' ', 'Preço:', 'R$252', '/noite']",['4.95']
['Apto. alto padrão de 2 dorm. no Open Shopping'],"[' ', 'Preço:', 'R$652', '/noite']",['5.0']
['Jurere Internacional Apartamento'],"[' ', 'Preço:', 'R$499', '/noite']",[]
"[""Apart4suites D'Ouro Residence JurereInternacional""]","[' ', 'Preço:', 'R$998', '/noite']",['4.80']
['Ótimo Apartamento em Jurerê Internacional'],"[' ', 'Preço:', 'R$499', '/noite']",['5.0']
['Open View: Sua Cobertura Duplex em Jurerê Int!'],"[' ', 'Preço:', 'R$598', '/noite']",['4.33']
['Apto aconchegante em Jurerê Int!'],"[' ', 'Preço:', 'R$309', '/noite']",['4.96']
['Linda casa em Jurere Internacional'],"[' ', 'Preço:', 'R$1.650', '/noite']",['5.0']
['Cobertura no Jurerê Open Shopping'],"[' ', 'Preço:', 'R$322', '/noite']",['4.94']
['Lindo apto em Jurerê Internacional com piscina.'],"[' ', 'Preço:', 'R$450', '/noite']",['5.0']
['Saint Tropez Jurere Internacional'],"[' ', 'Preço:', 'R$322', '/noite']",[]
['Casa Grandi'],"[' ', 'Preço:', 'R$1.101', '/noite']",['4.93']
['COSTA BLANCA JURERE INTERNACIONAL'],"[' ', 'Preço:', 'R$301', '/noite']",[]
['Cobertura de luxo em Jurere Internacional'],"[' ', 'Preço:', 'R$598', '/noite']",[]
['MELHOR CUSTO BENEFICIO  DE JURERÊ INTERNACIONAL'],"[' ', 'Preço:', 'R$1.501', '/noite']",['5.0']
['Mansão luxuosa em condomínio Jurerê internacional'],"[' ', 'Preço:', 'R$2.999', '/noite']",['4.93']
['Apto. Jurerê Internacional'],"[' ', 'Preço:', 'R$499', '/noite']",[]
['4 dormitórios no Open Shopping Jurere Internacional'],"[' ', 'Preço:', 'R$276', '/noite']",[]
['Apto novo 06 pessoas com piscina e vista do mar.'],"[' ', 'Preço:', 'R$800', '/noite']",[]
['Respira no Paraíso!'],"[' ', 'Preço:', 'R$379', '/noite']",[]
['Cobertura Quay com vista mar Jurerê Internacional'],"[' ', 'Preço:', 'R$1.501', '/noite']",[]
['Lindo Apto 02 quartos Central - Próx ao Mar - Ap06'],"[' ', 'Preço:', 'R$322', '/noite']",['5.0']
"[""Verão 3suites+1dorm até 18hósp D'OuroResidence""]","[' ', 'Preço:', 'R$998', '/noite']",['4.89']
['Casa com 3 dormitórios  80 metros do mar de Jurere'],"[' ', 'Preço:', 'R$359', '/noite']",['4.67']
['luxo e alto padrão em Jurerê Internacional-buzios'],"[' ', 'Preço:', 'R$982', '/noite']",['5.0']
['Excelente apartamento Jurere Intern. prox praia'],"[' ', 'Preço:', 'R$351', '/noite']",[]
['Ampla cobertura em Jurerê Internacional'],"[' ', 'Preço:', 'R$598', '/noite']",['4.67']
['Casa  aconchegante em jurere internacional'],"[' ', 'Preço:', 'R$652', '/noite']",['5.0']
['CASA NA AV. PRINCIPAL DE JURERÊ INTERNACIONAL'],"[' ', 'Preço:', 'R$681', '/noite']",['5.0']
['Sobrado 4 suítes'],"[' ', 'Preço:', 'R$1.349', '/noite']",[]
['Casa Incrível em Jurerê Internacional'],"[' ', 'Preço:', 'R$1.501', '/noite']",['5.0']
['Jurerê Internacional'],"[' ', 'Preço:', 'R$998', '/noite']",['4.73']
['Apartamento aconchegante em Jurerê Internacional!'],"[' ', 'Preço:', 'R$351', '/noite']",[]
['LINDA MANSÃO JURERÊ INTERNACIONAL'],"[' ', 'Preço:', 'R$1.031', '/noite']",['5.0']
['Jurerê Internacional open shopping'],"[' ', 'Preço:', 'R$549', '/noite']",['4.83']
['Casa 150 metros do mar Jurere Inter'],"[' ', 'Preço:', 'R$751', '/noite']",[]
"['Apartamento de frente para o P12, pertinho do mar!']","[' ', 'Preço:', 'R$297', '/noite']",['5.0']
['Mansão 30 metros do mar Jurere'],"[' ', 'Preço:', 'R$751', '/noite']",[]
['EXCELENTE LOCALIZAÇÃO EM JURERÊ INTERNACIONAL!'],"[' ', 'Preço:', 'R$701', '/noite']",[]
['Jurerê apartamento ao lado do mar'],"[' ', 'Preço:', 'R$499', '/noite']",['5.0']
['ALHAMBRA JURERE INTERNACIONAL'],"[' ', 'Preço:', 'R$437', '/noite']",[]
['CASA 3 DORMITÓRIOS JURERE INTERNACIONAL'],"[' ', 'Preço:', 'R$544', '/noite']",['4.83']
['Mansão dos Búzios: Luxo e Conforto em Jurerê Int.'],"[' ', 'Preço:', 'R$899', '/noite']",['4.60']
['Apartamento Perto da Praia em Jurerê Internacional'],"[' ', 'Preço:', 'R$899', '/noite']",['4.50']
['Cobertura duplex no coração de Jurerê Internac.'],"[' ', 'Preço:', 'R$598', '/noite']",[]
['Jurerê internacional 2 dorm'],"[' ', 'Preço:', 'R$549', '/noite']",[]
"['Casa de Jurere Int. pra 10 pessoas, com piscina']","[' ', 'Preço:', 'R$800', '/noite']",[]
['Um recanto no paraíso !'],"[' ', 'Preço:', 'R$400', '/noite']",['5.0']
['RESIDENCIAL RENOIR JURERE INTERNACIONAL'],"[' ', 'Preço:', 'R$610', '/noite']",[]
['Apto no Open Shopping do Jurerê Internacional'],"[' ', 'Preço:', 'R$549', '/noite']",['5.0']
['Casa em Jurerê localizada a uma quadra da praia'],"[' ', 'Preço:', 'R$400', '/noite']",['4.80']
['Casa em Jurere Internacional'],"[' ', 'Preço:', 'R$949', '/noite']",['4.88']
['Casa Super Confortável - Jurerê Internacional'],"[' ', 'Preço:', 'R$998', '/noite']",[]
['Via Vecchia Jurerê Internacional'],"[' ', 'Preço:', 'R$280', '/noite']",['4.94']
['Apto Jurerê Internacional 200 m del mar 3 quartos'],"[' ', 'Preço:', 'R$891', '/noite']",[]
['Casa completa em Jurere Internacional com Piscina'],"[' ', 'Preço:', 'R$800', '/noite']",['3.67']
['Apartamento Aconchegante em Jurerê Internacional'],"[' ', 'Preço:', 'R$400', '/noite']",[]
['Apto 3Q completo  suite no Open de Jurere Int wifi'],"[' ', 'Preço:', 'R$301', '/noite']",[]
['Apto 3 quartos Jurerê Internacional com piscina'],"[' ', 'Preço:', 'R$899', '/noite']",['4.75']
['Encantadora cobertura piscina particular 3 suítes'],"[' ', 'Preço:', 'R$1.299', '/noite']",[]
['Sinta-se em casa! Apto em Jurerê Internacional'],"[' ', 'Preço:', 'R$400', '/noite']",[]
['Jurerê Internacional apartamento 4 suítes c/ vista'],"[' ', 'Preço:', 'R$499', '/noite']",[]
['Apto Jurerê - Villaggio Di Mare'],"[' ', 'Preço:', 'R$400', '/noite']",['4.82']
['Jurerê 2 Quartos: 1 Suíte +2WC ~ 300m do Mar'],"[' ', 'Preço:', 'R$346', '/noite']",[]
['Apartamento de cobertura em Jurerê Internacional'],"[' ', 'Preço:', 'R$511', '/noite']",['5.0']
['Casa espaçosa otima localização'],"[' ', 'Preço:', 'R$1.600', '/noite']",[]
['Casa com piscina em Jurerê Internacional'],"[' ', 'Preço:', 'R$800', '/noite']",['4.75']
['Casa/spa  em Jurerê Internacional'],"[' ', 'Preço:', 'R$899', '/noite']",[]
['Ótima casa com 6 quartos (5 suítes). Aconchegante.'],"[' ', 'Preço:', 'R$1.299', '/noite']",[]
['Lindo apartamento em Jurerê Internacional'],"[' ', 'Preço:', 'R$400', '/noite']",['4.90']
['Recanto do forte'],"[' ', 'Preço:', 'R$549', '/noite']",[]
['Apto 2 dorm a 200 m da praia Jurerê Internacional'],"[' ', 'Preço:', 'R$499', '/noite']",[]
['Apartamento em Jurerê a 300m do mar'],"[' ', 'Preço:', 'R$441', '/noite']",[]
['Melhor Apto de Cobertura Jurerê Internacional'],"[' ', 'Preço:', 'R$990', '/noite']",['5.0']
['Apartamento com 3 suítes em Jurerê Internacional'],"[' ', 'Preço:', 'R$800', '/noite']",[]
['Cobertura Open Shopping Jurerê Internacional - 2 Q'],"[' ', 'Preço:', 'R$379', '/noite']",['4.83']
['Cobertura Duplex com excelente vista e localização'],"[' ', 'Preço:', 'R$252', '/noite']",['4.83']
['Vem para jurere!!! Você também'],"[' ', 'Preço:', 'R$998', '/noite']",[]
['Casa Jurerê Internacional'],"[' ', 'Preço:', 'R$850', '/noite']",[]
"['Jurerê Intl Luminoso: Praia, Esportes e Lazer!!!']","[' ', 'Preço:', 'R$400', '/noite']",['5.0']
['MAGNíFICO flat no resort Il Campanário'],"[' ', 'Preço:', 'R$1.101', '/noite']",[]
['Apartamento em Florianópolis  Jurerê Internacional'],"[' ', 'Preço:', 'R$450', '/noite']",['5.0']
['Paraíso em Jurerê Internacional'],"[' ', 'Preço:', 'R$1.200', '/noite']",['5.0']
['Casa na beira da praia do forte/Jurere'],"[' ', 'Preço:', 'R$652', '/noite']",[]
['Jurerê Internacional - Diárias'],"[' ', 'Preço:', 'R$379', '/noite']",[]
"['Casa 4 quartos Jurere Internacional, Florianopolis']","[' ', 'Preço:', 'R$619', '/noite']",[]
['Apto 2 qtos - Open Shopping - Jurerê Internacional'],"[' ', 'Preço:', 'R$400', '/noite']",[]
['100 metros da praia e do p12  com conforto'],"[' ', 'Preço:', 'R$1.200', '/noite']",[]
['Casa de praia.'],"[' ', 'Preço:', 'R$792', '/noite']",[]
['Apto em Jurere Internacional 200 metros da praia'],"[' ', 'Preço:', 'R$351', '/noite']",['5.0']
['LINDA CASA VITORIANA - CANAJURÊ - PROX. AO MAR !!!'],"[' ', 'Preço:', 'R$2.000', '/noite']",['5.0']
['Casa 4 suítes Jurere Internacional'],"[' ', 'Preço:', 'R$1.497', '/noite']",[]
['Lindo Sobrado(7 Pax) próx. a Praia e Open Shopping'],"[' ', 'Preço:', 'R$450', '/noite']",['5.0']
"['Apartamento no Open Shopping, próximo da praia.']","[' ', 'Preço:', 'R$330', '/noite']",[]
['DUPLEX  melhor localizaçao de Jurere Internacional'],"[' ', 'Preço:', 'R$846', '/noite']",[]
['Aconchegante casa Jurerê Inter. 10 pessoas. Wi fi.'],"[' ', 'Preço:', 'R$1.901', '/noite']",['4.50']
['Apartamento em Jurerê Internacional'],"[' ', 'Preço:', 'R$598', '/noite']",['4.92']
['Lindo Apartamento Cobertura Jurerê Internacional'],"[' ', 'Preço:', 'R$499', '/noite']",[]
['Apartamento grande Jurerê internacional c piscina'],"[' ', 'Preço:', 'R$1.200', '/noite']",[]
['Alto Padrão em Jurerê Internacional'],"[' ', 'Preço:', 'R$1.328', '/noite']",['4.67']
['Casa de praia com piscina em Jurerê Internacional'],"[' ', 'Preço:', 'R$751', '/noite']",['4.30']
['Casa a 50 m do mar de Jurerê Internacional'],"[' ', 'Preço:', 'R$1.501', '/noite']",[]
['Jurerê Internacional defronte Jurerê Sports Center'],"[' ', 'Preço:', 'R$590', '/noite']",[]
['Casa 5 quartos Jurerê Internacional'],"[' ', 'Preço:', 'R$2.999', '/noite']",[]
['Excelente casa em Jurere internacional !'],"[' ', 'Preço:', 'R$1.089', '/noite']",[]
['Casa costão de Jurere internacional'],"[' ', 'Preço:', 'R$301', '/noite']",[]
['Excelente Apartamento em Jurerê Internacional.'],"[' ', 'Preço:', 'R$499', '/noite']",[]
['Jurerê Internacional - 2 quartos perto do mar!'],"[' ', 'Preço:', 'R$301', '/noite']",['4.81']
['Apartamento Jurerê internacional (grande)'],"[' ', 'Preço:', 'R$1.460', '/noite']",[]
['Apartamento no Open Shopping Jurerê Internacional'],"[' ', 'Preço:', 'R$450', '/noite']",['5.0']
"['Apto com 4 dormitórios, (2 suítes)']","[' ', 'Preço:', 'R$1.299', '/noite']",['5.0']
['Apartamento Jay Home Luxury Jurerê Internacional'],"[' ', 'Preço:', 'R$998', '/noite']",[]
['Casa 30 Mts do mar Jurere Internacional'],"[' ', 'Preço:', 'R$751', '/noite']",[]
['Lindo recanto casa de praia!!'],"[' ', 'Preço:', 'R$940', '/noite']",[]
"['Casa 8 Quartos+Piscina, Praia e Open Shopping 80m']","[' ', 'Preço:', 'R$701', '/noite']",['5.0']
['Jurerê Internacional / Cobertura duplex'],"[' ', 'Preço:', 'R$792', '/noite']",['5.0']
['Casa para alugar em Jurerê Internacional'],"[' ', 'Preço:', 'R$3.700', '/noite']",[]
['JAY Jurere Internacional 3 dormitórios'],"[' ', 'Preço:', 'R$25.000', '/noite']",[]
['Revellion em Jurerê Internacional'],"[' ', 'Preço:', 'R$7.000', '/noite']",[]
['Apartamento top amoreville Jurere internacional'],"[' ', 'Preço:', 'R$2.000', '/noite']",['4.14']
['Casa para locação - Praia do Forte'],"[' ', 'Preço:', 'R$450', '/noite']",[]
['Belo Apartamento em Jurerê'],"[' ', 'Preço:', 'R$351', '/noite']",['5.0']
['Aconchegante casa em Jurerê internacional!'],"[' ', 'Preço:', 'R$850', '/noite']",['5.0']
['Casabeirapraia Jurere Internacional'],"[' ', 'Preço:', 'R$701', '/noite']",[]
['Mansão das Lagostas: 10 quartos à 2 min da Praia!'],"[' ', 'Preço:', 'R$998', '/noite']",[]
['Espetacular cobertura  em Jurerê Internacional'],"[' ', 'Preço:', 'R$850', '/noite']",['5.0']
['casa familiar'],"[' ', 'Preço:', 'R$1.101', '/noite']",['5.0']
['Ótimo apartamento próximo ao mar'],"[' ', 'Preço:', 'R$899', '/noite']",['5.0']
['Jurerê Internacional P12 Residencial Atlântico Sul'],"[' ', 'Preço:', 'R$1.444', '/noite']",[]
['Luxuosa Casa Frente Mar'],"[' ', 'Preço:', 'R$6.241', '/noite']",[]
['Jurere internacional'],"[' ', 'Preço:', 'R$450', '/noite']",[]
"['Localizada perto da praia com piscina , churrasqueira e jardim!']","[' ', 'Preço:', 'R$3.737', '/noite']",[]
['Apartamento com Jacuzzi Jurerê Internacional'],"[' ', 'Preço:', 'R$1.101', '/noite']",[]
"['Conforto, Localização Privilegiada,Jurerê Internac']","[' ', 'Preço:', 'R$751', '/noite']",[]
"['Conforto, aconchego, funcionalidade e localização']","[' ', 'Preço:', 'R$1.299', '/noite']",['5.0']
['Apartamento bem localizado - Jurerê Internacional'],"[' ', 'Preço:', 'R$701', '/noite']",[]
['Cobertura com Piscina em Jurerê'],"[' ', 'Preço:', 'R$1.501', '/noite']",[]
['Wonderful ....   Casa Jurere Internacional  !!'],"[' ', 'Preço:', 'R$4.599', '/noite']",[]
['Apto 3 dorm no open shopping Jurerê internacional'],"[' ', 'Preço:', 'R$582', '/noite']",[]
['Linda Casa Nova em Jurerê Internacional.'],"[' ', 'Preço:', 'R$9.998', '/noite']",['5.0']
['Linda casa com vista para o mar'],"[' ', 'Preço:', 'R$1.699', '/noite']",['5.0']
"['Apartamento 3Qts, amplo, confortável e arejado!!!']","[' ', 'Preço:', 'R$619', '/noite']",[]
['Cobertura 2 Quartos Il Campanário'],"[' ', 'Preço:', 'R$1.349', '/noite']",[]
['Apartamento em jurere internacional'],"[' ', 'Preço:', 'R$499', '/noite']",[]
['Alto Padrão Jurerê Internacional 150mts do Mar'],"[' ', 'Preço:', 'R$1.798', '/noite']",[]
['Home in Jurerê International'],"[' ', 'Preço:', 'R$1.299', '/noite']",[]
['APTO COM VISTA PARA O MAR EM JURERE INTERNACIONAL'],"[' ', 'Preço:', 'R$549', '/noite']",[]
['Apartamento de 2 quartos no luxuoso condomínio Jay'],"[' ', 'Preço:', 'R$990', '/noite']",[]
"['CASA 7 QUARTOS, 50 MTS DA PRAIA']","[' ', 'Preço:', 'R$1.901', '/noite']",[]
['MANSÃO JURERE INTERNACIONAL 5 SUÍTES com PISCINA G'],"[' ', 'Preço:', 'R$4.199', '/noite']",[]
['Beautiful apartment with bbc near beachclub'],"[' ', 'Preço:', 'R$800', '/noite']",[]
['Casa em jurere internacional 270m2'],"[' ', 'Preço:', 'R$949', '/noite']",[]
['Casa para aproveitar a vida como você merece!'],"[' ', 'Preço:', 'R$1.200', '/noite']",[]
['Aluguel Temporada com Classe'],"[' ', 'Preço:', 'R$2.500', '/noite']",[]
['Ótima casa em Jurerê...'],"[' ', 'Preço:', 'R$2.500', '/noite']",[]
['Excelente apartamento em Jurerê Internacional'],"[' ', 'Preço:', 'R$450', '/noite']",['4.17']
['Casa 4 Quartos Jurerê Internacional'],"[' ', 'Preço:', 'R$1.501', '/noite']",['5.0']
['Casa de praia Jurere Internacional'],"[' ', 'Preço:', 'R$1.510', '/noite']",[]
['Casa Moderna em Jurerê Internacional'],"[' ', 'Preço:', 'R$1.200', '/noite']",[]
['Trésor Residence - perfect for families!'],"[' ', 'Preço:', 'R$1.852', '/noite']",[]
['Casa em Jurerê Internacional/ Praia do Forte'],"[' ', 'Preço:', 'R$598', '/noite']",[]
['Jurerê/Pé na areia/ P12/ Réveillon/ Top/12 pessoas'],"[' ', 'Preço:', 'R$2.891', '/noite']",[]
['Casa moderna Jurerê Internacional'],"[' ', 'Preço:', 'R$1.501', '/noite']",['5.0']
['Aluguel de Lancha phantom 290\nFloripa e região'],"[' ', 'Preço:', 'R$2.500', '/noite']",[]
['AMPLO APTO EM JURERÊ INTERNACIONAL'],"[' ', 'Preço:', 'R$1.101', '/noite']",[]
['Casa Jurerê Inter. 10 pessoasWi fi.'],"[' ', 'Preço:', 'R$1.101', '/noite']",[]
['Jurerê Internacional - Casa espaçosa com piscina'],"[' ', 'Preço:', 'R$2.401', '/noite']",['5.0']
['3 suítes na búzios'],"[' ', 'Preço:', 'R$2.999', '/noite']",[]
['Beautiful home in Jurere Internacional Brasil'],"[' ', 'Preço:', 'R$1.996', '/noite']",[]
['Casa Incrível e Espaçosa em Jurerê Internacional!'],"[' ', 'Preço:', 'R$1.361', '/noite']",[]
['Mansao na rua da praia em Jurere Internacional'],"[' ', 'Preço:', 'R$8.002', '/noite']",['5.0']
['Apartamento no Open Shopping Jurere Internacional'],"[' ', 'Preço:', 'R$850', '/noite']",['5.0']
['Apartamento de 3 quartos completo em Jurere/Fpolis'],"[' ', 'Preço:', 'R$598', '/noite']",['4.83']
['Casa aconchegante Jurere Internacional próx ao mar'],"[' ', 'Preço:', 'R$1.200', '/noite']",[]
['Cobertura em Jurerê internacional'],"[' ', 'Preço:', 'R$652', '/noite']",[]
['Em excelente localização com 7 quartos e apenas 1 minuto da praia.'],"[' ', 'Preço:', 'R$9.281', '/noite']",[]
['Apto moderno com 3 quartos e ótima localização'],"[' ', 'Preço:', 'R$549', '/noite']",['5.0']
['casa quadra da praia em jurere internacional'],"[' ', 'Preço:', 'R$5.799', '/noite']",[]
['Apartamento em Jurerê internacional com 2 quartos'],"[' ', 'Preço:', 'R$351', '/noite']",[]
['LINDO APTO 2 QUARTOS NO JURERÊ OPEN SHOPPING'],"[' ', 'Preço:', 'R$400', '/noite']",['5.0']
['Apartamento confortável para passar boas férias.'],"[' ', 'Preço:', 'R$400', '/noite']",[]
"['Bonita casa com 5 quartos, piscina, hidromassagem, jardim e garagem para 4 carro']","[' ', 'Preço:', 'R$5.816', '/noite']",[]
"['Apartamento para até 6 adultos, bem perto da praia']","[' ', 'Preço:', 'R$301', '/noite']",['5.0']
['Apartamento Jurerê Internacional'],"[' ', 'Preço:', 'R$351', '/noite']",[]
['Casa de praia em Jurerê Internacional'],"[' ', 'Preço:', 'R$470', '/noite']",[]
['LUXURY HOME DESIGN. A 180 m do mar.'],"[' ', 'Preço:', 'R$751', '/noite']",['4.75']
['Casa beira mar em Jurere Internacional'],"[' ', 'Preço:', 'R$9.000', '/noite']",[]
['Apartamento  Jurere internacional - Open  Shopping'],"[' ', 'Preço:', 'R$338', '/noite']",[]
['Apartamento para passar umas férias inesqueciveis.'],"[' ', 'Preço:', 'R$598', '/noite']",['5.0']
['Jurerê Internacional Fantastic/Vista Mar'],"[' ', 'Preço:', 'R$4.900', '/noite']",[]
['Casa 7 Quartos Jurerê Internacional'],"[' ', 'Preço:', 'R$2.500', '/noite']",[]
"['Casa Alto Padrão. Fantástica, Espaçosa, Perfeita!']","[' ', 'Preço:', 'R$4.001', '/noite']",['5.0']
['White & Blue House: Conforto e Sofisticação'],"[' ', 'Preço:', 'R$2.302', '/noite']",[]
['Large apartment near the beach and services'],"[' ', 'Preço:', 'R$450', '/noite']",[]
['Lindo apto na praia de Jurerê Internacional'],"[' ', 'Preço:', 'R$351', '/noite']",[]
['Casa Nova Jurerê Internacional'],"[' ', 'Preço:', 'R$1.299', '/noite']",[]
['Summer Time'],"[' ', 'Preço:', 'R$491', '/noite']",[]
"['Apto 2 quartos, excelente localização e aconchego.']","[' ', 'Preço:', 'R$450', '/noite']",['5.0']
['Apt 2 suítes Open Shopping 340m do mar com vista'],"[' ', 'Preço:', 'R$598', '/noite']",['5.0']
['Espetacular jurere internacional !'],"[' ', 'Preço:', 'R$1.972', '/noite']",[]
"['Incrível, Aconchegante e Espaçosa: Alto Padrão!']","[' ', 'Preço:', 'R$2.000', '/noite']",['5.0']
['Casa Frente mar Jurere Internacional e Forte'],"[' ', 'Preço:', 'R$499', '/noite']",[]
['Casa na Praia do Forte em Floripa'],"[' ', 'Preço:', 'R$2.198', '/noite']",['4.89']
['Paraíso na Ilha da Magia'],"[' ', 'Preço:', 'R$499', '/noite']",[]
['Apartamento Av. Dos Búzios - Jurerê prox. da Praia'],"[' ', 'Preço:', 'R$598', '/noite']",['5.0']
['Jurerê Internacional WonderfulHouse'],"[' ', 'Preço:', 'R$3.502', '/noite']",[]
['Jurerê Internacional Diárias 2'],"[' ', 'Preço:', 'R$351', '/noite']",[]
"[""Jurere international's best""]","[' ', 'Preço:', 'R$3.902', '/noite']",[]
"['Todo reformado ,2 quadras vista mar']","[' ', 'Preço:', 'R$491', '/noite']",['4.86']
['Apartamento 2 quartos em Jurerê Internacional'],"[' ', 'Preço:', 'R$301', '/noite']",[]
"['Villa Panotto, na praja, piscina privada e Jacuzzi']","[' ', 'Preço:', 'R$2.198', '/noite']",[]
['Linda Casa em Jurere Internacional'],"[' ', 'Preço:', 'R$1.134', '/noite']",['4.67']
['Linda casa com 5 quartos a 5 minutos da praia'],"[' ', 'Preço:', 'R$1.951', '/noite']",[]
['Apartamento de 2 quartos no Open Shopping'],"[' ', 'Preço:', 'R$392', '/noite']",[]
['Villa Av buzios Jurerê int. para 25 pessoas.'],"[' ', 'Preço:', 'R$2.500', '/noite']",[]
['CASA SUPER CONFORTÁVEL DE FRENTE PARA O MAR'],"[' ', 'Preço:', 'R$899', '/noite']",[]
['Apto Open Shopping 2 quartos  (Ar/WiFi)'],"[' ', 'Preço:', 'R$400', '/noite']",[]
['Casa a 200 m da praia em Jurerê Internacional'],"[' ', 'Preço:', 'R$1.101', '/noite']",['4.89']
['Casa ampla na principal Av de Jurerê Internacional'],"[' ', 'Preço:', 'R$1.501', '/noite']",['4.40']
